Frequency [MHz],Feq (Hz),Gain[dBi],AF
20,20000000,-57,53.24059991
23.7375,23737500,-53.9280446,51.65674415
27.475,27475000,-50.92383934,49.92259336
31.2125,31212500,-48.03587566,48.14244676
34.95,34950000,-45.31264497,46.40158857
38.6875,38687500,-42.80263871,44.77405204
42.425,42425000,-40.5543483,43.32678532
46.1625,46162500,-38.61626517,42.12205159
49.9,49900000,-37.03688075,41.21889166
53.6375,53637500,-35.70909291,40.51846347
57.375,57375000,-34.47325358,39.86770755
61.1125,61112500,-33.32331903,39.26592004
64.85,64850000,-32.25335664,38.71155625
68.5875,68587500,-31.25743379,38.20233325
72.325,72325000,-30.32961785,37.7353867
76.0625,76062500,-29.4639762,37.30738811
79.8,79800000,-28.65457622,36.91463404
83.5375,83537500,-27.89548528,36.55311476
87.275,87275000,-27.18077076,36.21856791
91.0125,91012500,-26.50450004,35.90652092
94.75,94750000,-25.8607405,35.61232487
98.4875,98487500,-25.24355951,35.33118178
102.225,102225000,-24.65128198,35.06242437
105.9625,105962500,-24.09642735,34.81947127
109.7,109700000,-23.57652201,34.60065456
113.4375,113437500,-23.08716685,34.40229978
117.175,117175000,-22.62396274,34.22066198
120.9125,120912500,-22.18251056,34.05193458
124.65,124650000,-21.75841119,33.89225685
128.3875,128387500,-21.3472655,33.73772035
132.125,132125000,-20.94467438,33.58437439
135.8625,135862500,-20.5462387,33.42823073
139.6,139600000,-20.14755933,33.2652677
143.3375,143337500,-19.74423716,33.09143367
147.075,147075000,-19.33187307,32.90265021
150.8125,150812500,-18.90653872,32.6952855
154.55,154550000,-18.47826184,32.47964203
158.2875,158287500,-18.05265345,32.26158585
162.025,162025000,-17.62966747,32.04130807
165.7625,165762500,-17.20925782,31.81898358
169.5,169500000,-16.79137842,31.59477247
173.2375,173237500,-16.3759832,31.36882135
176.975,176975000,-15.96302606,31.14126448
180.7125,180712500,-15.55246094,30.91222482
184.45,184450000,-15.14424176,30.68181495
188.1875,188187500,-14.73832243,30.45013789
191.925,191925000,-14.33465688,30.21728787
195.6625,195662500,-13.93319903,29.98335099
199.4,199400000,-13.5339028,29.74840588
203.1375,203137500,-13.12902398,29.50482604
206.875,206875000,-12.70605046,29.24021068
210.6125,210612500,-12.26713046,28.95681333
214.35,214350000,-11.81470441,28.65717417
218.0875,218087500,-11.35121273,28.34382821
221.825,221825000,-10.87909584,28.01930565
225.5625,225562500,-10.40079417,27.68613216
229.3,229300000,-9.918748138,27.34682923
233.0375,233037500,-9.435398168,27.00391442
236.775,236775000,-8.953184686,26.65990159
240.5125,240512500,-8.474548115,26.31730117
244.25,244250000,-8.001928879,25.97862033
247.9875,247987500,-7.537767401,25.64636321
251.725,251725000,-7.084504106,25.3230311
255.4625,255462500,-6.644579417,25.01112258
259.2,259200000,-6.220433758,24.7131337
262.9375,262937500,-5.814507553,24.43155814
266.675,266675000,-5.429241226,24.1688873
270.4125,270412500,-5.067075199,23.92761046
274.15,274150000,-4.730449898,23.7102149
277.8875,277887500,-4.421805745,23.51918598
281.625,281625000,-4.143583165,23.35700726
285.3625,285362500,-3.898222581,23.2261606
289.1,289100000,-3.688164417,23.12912625
292.8375,292837500,-3.515849097,23.06838291
296.575,296575000,-3.383717044,23.04640783
300.3125,300312500,-3.294072189,23.06554038
304.05,304050000,-3.226284198,23.10518435
307.7875,307787500,-3.163960694,23.14898026
311.525,311525000,-3.10670856,23.19656665
315.2625,315262500,-3.054134682,23.24758099
319,319000000,-3.005845945,23.30165961
322.7375,322737500,-2.961449232,23.35843784
326.475,326475000,-2.920551429,23.41755004
330.2125,330212500,-2.88275942,23.4786296
333.95,333950000,-2.847680089,23.54130905
337.6875,337687500,-2.814920322,23.60522002
341.425,341425000,-2.784087003,23.66999336
345.1625,345162500,-2.754787015,23.73525913
348.9,348900000,-2.726627245,23.80064663
352.6375,352637500,-2.699214577,23.86578446
356.375,356375000,-2.672155894,23.9303005
360.1125,360112500,-2.645058082,23.99382201
363.85,363850000,-2.617528026,24.05597561
367.5875,367587500,-2.58917261,24.1163873
371.325,371325000,-2.559598717,24.17468251
375.0625,375062500,-2.528413234,24.23048612
378.8,378800000,-2.495223045,24.28342245
382.5375,382537500,-2.459635034,24.33311534
386.275,386275000,-2.421256086,24.37918811
390.0125,390012500,-2.379693085,24.42126361
393.75,393750000,-2.334552916,24.45896425
397.4875,397487500,-2.285442463,24.49191198
401.225,401225000,-2.231603139,24.51936285
404.9625,404962500,-2.168155055,24.53645123
408.7,408700000,-2.094472137,24.54256489
412.4375,412437500,-2.011571997,24.53873491
416.175,416175000,-1.920472245,24.52599201
419.9125,419912500,-1.822190491,24.50536655
423.65,423650000,-1.717744348,24.47788856
427.3875,427387500,-1.608151424,24.44458774
431.125,431125000,-1.494429331,24.40649348
434.8625,434862500,-1.37759568,24.36463485
438.6,438600000,-1.258668081,24.32004063
442.3375,442337500,-1.138664145,24.27373933
446.075,446075000,-1.018601483,24.22675917
449.8125,449812500,-0.899497705,24.18012811
453.55,453550000,-0.782370421,24.13487385
457.2875,457287500,-0.668237244,24.09202384
461.025,461025000,-0.558115783,24.05260531
464.7625,464762500,-0.453023648,24.01764523
468.5,468500000,-0.353978452,23.98817036
472.2375,472237500,-0.261997803,23.96520723
475.975,475975000,-0.178099314,23.94978217
479.7125,479712500,-0.103300595,23.9429213
483.45,483450000,-0.038619256,23.94565055
487.1875,487187500,0.014927092,23.95899565
490.925,490925000,0.056320838,23.98398214
494.6625,494662500,0.084544372,24.02163539
498.4,498400000,0.098580082,24.07298059
502.1375,502137500,0.094595441,24.14185768
505.875,505875000,0.060203484,24.24066086
509.6125,509612500,-0.003774615,24.36857606
513.35,513350000,-0.094832837,24.52310416
517.0875,517087500,-0.210465158,24.70174594
520.825,520825000,-0.348165558,24.90200201
524.5625,524562500,-0.505428014,25.12137282
528.3,528300000,-0.679746504,25.35735872
532.0375,532037500,-0.868615007,25.60745989
535.775,535775000,-1.069527501,25.8691764
539.5125,539512500,-1.279977964,26.14000819
543.25,543250000,-1.497460375,26.41745507
546.9875,546987500,-1.719468711,26.69901675
550.725,550725000,-1.943496951,26.98219278
554.4625,554462500,-2.167039074,27.26448265
558.2,558200000,-2.387589056,27.5433857
561.9375,561937500,-2.602640877,27.81640118
565.675,565675000,-2.809688515,28.08102823
569.4125,569412500,-3.006225947,28.33476588
573.15,573150000,-3.189747153,28.57511309
576.8875,576887500,-3.35774611,28.79956869
580.625,580625000,-3.507716797,29.00563142
584.3625,584362500,-3.637153191,29.19079996
588.1,588100000,-3.743549272,29.35257286
591.8375,591837500,-3.824399017,29.48844861
595.575,595575000,-3.877196404,29.59592559
599.3125,599312500,-3.899435412,29.67250213
603.05,603050000,-3.892891588,29.71995802
606.7875,606787500,-3.865691324,29.74642384
610.525,610525000,-3.819657762,29.75372681
614.2625,614262500,-3.756419816,29.74349988
618,618000000,-3.6776064,29.7173759
621.7375,621737500,-3.584846428,29.67698768
625.475,625475000,-3.479768814,29.62396793
629.2125,629212500,-3.364002472,29.55994931
632.95,632950000,-3.239176316,29.4865644
636.6875,636687500,-3.106919262,29.40544573
640.425,640425000,-2.968860222,29.31822576
644.1625,644162500,-2.826628111,29.22653688
647.9,647900000,-2.681851843,29.13201144
651.6375,651637500,-2.536160332,29.03628171
655.375,655375000,-2.391182493,28.94097991
659.1125,659112500,-2.248547239,28.8477382
662.85,662850000,-2.109883485,28.7581887
666.5875,666587500,-1.976820145,28.67396345
670.325,670325000,-1.850986134,28.59669447
674.0625,674062500,-1.734010364,28.5280137
677.8,677800000,-1.62752175,28.46955304
681.5375,681537500,-1.533149208,28.42294434
685.275,685275000,-1.452521649,28.38981942
689.0125,689012500,-1.38726799,28.37181001
692.75,692750000,-1.339017144,28.37054783
696.4875,696487500,-1.309398025,28.38766455
700.225,700225000,-1.300015165,28.42476741
703.9625,703962500,-1.304585988,28.47557649
707.7,707700000,-1.316873934,28.53385785
711.4375,711437500,-1.336252497,28.59898756
715.175,715175000,-1.362095171,28.67034166
718.9125,718912500,-1.39377545,28.74729615
722.65,722650000,-1.430666831,28.82922697
726.3875,726387500,-1.472142806,28.91551005
730.125,730125000,-1.517576871,29.00552126
733.8625,733862500,-1.56634252,29.09863644
737.6,737600000,-1.617813248,29.19423141
741.3375,741337500,-1.671362549,29.29168193
745.075,745075000,-1.726363918,29.39036375
748.8125,748812500,-1.782190849,29.48965256
752.55,752550000,-1.838216837,29.58892404
756.2875,756287500,-1.893815377,29.68755382
760.025,760025000,-1.948359962,29.78491752
763.7625,763762500,-2.001224089,29.88039071
767.5,767500000,-2.05178125,29.97334893
771.2375,771237500,-2.099404941,30.0631677
774.975,774975000,-2.143468656,30.14922251
778.7125,778712500,-2.18334589,30.23088881
782.45,782450000,-2.218410138,30.30754204
786.1875,786187500,-2.248034893,30.37855758
789.925,789925000,-2.271593651,30.44331083
793.6625,793662500,-2.288459906,30.50117712
797.4,797400000,-2.298007152,30.55153178
801.1375,801137500,-2.299571796,30.59371301
804.875,804875000,-2.29229311,30.62686187
808.6125,808612500,-2.276439307,30.65124832
812.35,812350000,-2.252567861,30.66743156
816.0875,816087500,-2.221236245,30.67597076
819.825,819825000,-2.183001934,30.67742509
823.5625,823562500,-2.138422401,30.67235367
827.3,827300000,-2.08805512,30.66131561
831.0375,831037500,-2.032457565,30.64486999
834.775,834775000,-1.972187209,30.62357589
838.5125,838512500,-1.907801528,30.59799235
842.25,842250000,-1.839857993,30.56867839
845.9875,845987500,-1.76891408,30.536193
849.725,849725000,-1.695527262,30.50109518
853.4625,853462500,-1.620255013,30.46394388
857.2,857200000,-1.543654806,30.42529805
860.9375,860937500,-1.466284116,30.38571661
864.675,864675000,-1.388700416,30.34575847
868.4125,868412500,-1.311461181,30.3059825
872.15,872150000,-1.235123883,30.26694759
875.8875,875887500,-1.160245998,30.22921257
879.625,879625000,-1.087384998,30.19333628
883.3625,883362500,-1.017098357,30.15987753
887.1,887100000,-0.94994355,30.12939513
890.8375,890837500,-0.88647805,30.10244786
894.575,894575000,-0.82725933,30.07959447
898.3125,898312500,-0.772844866,30.06139372
902.05,902050000,-0.722600756,30.04721297
905.7875,905787500,-0.671062843,30.0315893
909.525,909525000,-0.617739225,30.01403204
913.2625,913262500,-0.562936775,29.99484928
917,917000000,-0.506962365,29.97434908
920.7375,920737500,-0.450122865,29.9528395
924.475,924475000,-0.392725148,29.93062857
928.2125,928212500,-0.335076084,29.90802434
931.95,931950000,-0.277482547,29.8853348
935.6875,935687500,-0.220251407,29.86286796
939.425,939425000,-0.163689536,29.8409318
943.1625,943162500,-0.108103805,29.8198343
946.9,946900000,-0.053801087,29.79988342
950.6375,950637500,-0.001088253,29.78138709
954.375,954375000,0.049727825,29.76465326
958.1125,958112500,0.098340276,29.74998985
961.85,961850000,0.144442228,29.73770476
965.5875,965587500,0.18772681,29.72810589
969.325,969325000,0.227887149,29.72150113
973.0625,973062500,0.264616375,29.71819835
976.8,976800000,0.297607615,29.7185054
980.5375,980537500,0.326553997,29.72273016
984.275,984275000,0.351148651,29.73118044
988.0125,988012500,0.371084704,29.74416408
991.75,991750000,0.386055286,29.7619889
995.4875,995487500,0.395753523,29.7849627
999.225,999225000,0.399872545,29.81339328
1002.9625,1002962500,0.399277342,29.84641657
1006.7,1006700000,0.396397667,29.8816037
1010.4375,1010437500,0.391485684,29.91870343
1014.175,1014175000,0.384716815,29.9575412
1017.9125,1017912500,0.37626648,29.99794247
1021.65,1021650000,0.366310102,30.03973269
1025.3875,1025387500,0.355023101,30.08273728
1029.125,1029125000,0.3425809,30.12678167
1032.8625,1032862500,0.32915892,30.17169128
1036.6,1036600000,0.314932582,30.21729151
1040.3375,1040337500,0.300077308,30.26340776
1044.075,1044075000,0.28476852,30.30986542
1047.8125,1047812500,0.269181638,30.35648986
1051.55,1051550000,0.253492085,30.40310647
1055.2875,1055287500,0.237875283,30.4495406
1059.025,1059025000,0.222506651,30.4956176
1062.7625,1062762500,0.207561613,30.54116282
1066.5,1066500000,0.19321559,30.58600161
1070.2375,1070237500,0.179644003,30.62995928
1073.975,1073975000,0.167022273,30.67286117
1077.7125,1077712500,0.155525823,30.71453258
1081.45,1081450000,0.145330073,30.75479883
1085.1875,1085187500,0.136610446,30.79348521
1088.925,1088925000,0.129542362,30.83041701
1092.6625,1092662500,0.124301244,30.86541952
1096.4,1096400000,0.121062513,30.89831802
1100.1375,1100137500,0.12000136,30.92893801
1103.875,1103875000,0.121053196,30.95734476
1107.6125,1107612500,0.123960661,30.98379631
1111.35,1111350000,0.128573395,31.00844368
1115.0875,1115087500,0.134741036,31.03143791
1118.825,1118825000,0.142313222,31.05293002
1122.5625,1122562500,0.151139592,31.07307101
1126.3,1126300000,0.161069785,31.0920119
1130.0375,1130037500,0.17195344,31.10990367
1133.775,1133775000,0.183640196,31.12689733
1137.5125,1137512500,0.19597969,31.14314387
1141.25,1141250000,0.208821563,31.15879425
1144.9875,1144987500,0.222015451,31.17399946
1148.725,1148725000,0.235410995,31.18891046
1152.4625,1152462500,0.248857832,31.20367822
1156.2,1156200000,0.262205603,31.2184537
1159.9375,1159937500,0.275303944,31.23338784
1163.675,1163675000,0.288002495,31.24863159
1167.4125,1167412500,0.300150895,31.26433589
1171.15,1171150000,0.311598782,31.28065167
1174.8875,1174887500,0.322195795,31.29772987
1178.625,1178625000,0.331791573,31.3157214
1182.3625,1182362500,0.340235754,31.33477719
1186.1,1186100000,0.347377977,31.35504814
1189.8375,1189837500,0.353067881,31.37668517
1193.575,1193575000,0.357155104,31.39983917
1197.3125,1197312500,0.359489286,31.42466105
1201.05,1201050000,0.359619016,31.45160274
1204.7875,1204787500,0.35227836,31.4859307
1208.525,1208525000,0.336146261,31.52896652
1212.2625,1212262500,0.311949466,31.57998395
1216,1216000000,0.28041472,31.63825678
1219.7375,1219737500,0.24226877,31.70305875
1223.475,1223475000,0.198238363,31.77366363
1227.2125,1227212500,0.149050245,31.84934516
1230.95,1230950000,0.095431161,31.92937709
1234.6875,1234687500,0.038107859,32.01303317
1238.425,1238425000,-0.022192916,32.09958713
1242.1625,1242162500,-0.084744416,32.1883127
1245.9,1245900000,-0.148819897,32.27848361
1249.6375,1249637500,-0.213692611,32.3693736
1253.375,1253375000,-0.278635811,32.46025637
1257.1125,1257112500,-0.342922753,32.55040565
1260.85,1260850000,-0.405826689,32.63909514
1264.5875,1264587500,-0.466620874,32.72559857
1268.325,1268325000,-0.52457856,32.80918962
1272.0625,1272062500,-0.578973001,32.889142
1275.8,1275800000,-0.629077452,32.96472941
1279.5375,1279537500,-0.674165166,33.03522554
1283.275,1283275000,-0.713509396,33.09990407
1287.0125,1287012500,-0.746383397,33.1580387
1290.75,1290750000,-0.772060421,33.2089031
1294.4875,1294487500,-0.789813723,33.25177095
1298.225,1298225000,-0.798916557,33.28591592
1301.9625,1301962500,-0.798289542,33.31025905
1305.7,1305700000,-0.785935079,33.32280316
1309.4375,1309437500,-0.76244181,33.32413729
1313.175,1313175000,-0.728749493,33.31520162
1316.9125,1316912500,-0.685797887,33.29693629
1320.65,1320650000,-0.634526749,33.27028146
1324.3875,1324387500,-0.575875838,33.2361773
1328.125,1328125000,-0.510784912,33.19556395
1331.8625,1331862500,-0.440193729,33.14938155
1335.6,1335600000,-0.365042048,33.09857026
1339.3375,1339337500,-0.286269626,33.0440702
1343.075,1343075000,-0.204816222,32.98682153
1346.8125,1346812500,-0.121621594,32.92776436
1350.55,1350550000,-0.037625499,32.86783884
1354.2875,1354287500,0.046232303,32.8079851
1358.025,1358025000,0.129012055,32.74914324
1361.7625,1361762500,0.209773998,32.69225341
1365.5,1365500000,0.287578375,32.63825571
1369.2375,1369237500,0.361485427,32.58809027
1372.975,1372975000,0.430555396,32.54269719
1376.7125,1376712500,0.493848523,32.50301659
1380.45,1380450000,0.550425052,32.46998857
1384.1875,1384187500,0.599345222,32.44455324
1387.925,1387925000,0.639669278,32.42765069
1391.6625,1391662500,0.670457459,32.42022104
1395.4,1395400000,0.690770008,32.42320436
1399.1375,1399137500,0.699667167,32.43754077
1402.875,1402875000,0.696157187,32.46422233
1406.6125,1406612500,0.680187935,32.50330151
1410.35,1410350000,0.652727483,32.55381057
1414.0875,1414087500,0.614765711,32.61475995
1417.825,1417825000,0.567292497,32.6851601
1421.5625,1421562500,0.511297719,32.76402145
1425.3,1425300000,0.447771255,32.85035445
1429.0375,1429037500,0.377702986,32.94316952
1432.775,1432775000,0.302082788,33.04147711
1436.5125,1436512500,0.221900542,33.14428765
1440.25,1440250000,0.138146124,33.25061155
1443.9875,1443987500,0.051809415,33.35945926
1447.725,1447725000,-0.036119708,33.46984119
1451.4625,1451462500,-0.124651365,33.58076776
1455.2,1455200000,-0.212795679,33.6912494
1458.9375,1458937500,-0.29956277,33.80029652
1462.675,1462675000,-0.38396276,33.90691953
1466.4125,1466412500,-0.465005771,34.01012885
1470.15,1470150000,-0.541701923,34.10893489
1473.8875,1473887500,-0.613061339,34.20234805
1477.625,1477625000,-0.678094139,34.28937875
1481.3625,1481362500,-0.735810445,34.36903738
1485.1,1485100000,-0.785220379,34.44033434
1488.8375,1488837500,-0.825334061,34.50228004
1492.575,1492575000,-0.855161614,34.55388488
1496.3125,1496312500,-0.873713158,34.59415924
1500.05,1500050000,-0.879998755,34.62211346
1503.7875,1503787500,-0.873036495,34.63676591
1507.525,1507525000,-0.853215117,34.63850558
1511.2625,1511262500,-0.821574619,34.62837274
1515,1515000000,-0.779155,34.60740766
1518.7375,1518737500,-0.72699626,34.57665059
1522.475,1522475000,-0.666138398,34.5371418
1526.2125,1526212500,-0.597621412,34.48992154
1529.95,1529950000,-0.522485302,34.43603006
1533.6875,1533687500,-0.441770066,34.37650763
1537.425,1537425000,-0.356515705,34.31239448
1541.1625,1541162500,-0.267762216,34.24473088
1544.9,1544900000,-0.176549599,34.17455706
1548.6375,1548637500,-0.083917853,34.10291328
1552.375,1552375000,0.009093024,34.03083978
1556.1125,1556112500,0.101443031,33.9593768
1559.85,1559850000,0.19209217,33.88956458
1563.5875,1563587500,0.280000442,33.82244335
1567.325,1567325000,0.364127849,33.75905337
1571.0625,1571062500,0.44343439,33.70043486
1574.8,1574800000,0.516880067,33.64762806
1578.5375,1578537500,0.58342488,33.60167319
1582.275,1582275000,0.642028832,33.56361049
1586.0125,1586012500,0.691651922,33.53448019
1589.75,1589750000,0.731254152,33.51532252
1593.4875,1593487500,0.759795522,33.5071777
1597.225,1597225000,0.776236035,33.51108595
1600.9625,1600962500,0.779751475,33.52787171
1604.7,1604700000,0.774222581,33.55365447
1608.4375,1608437500,0.76185954,33.58622426
1612.175,1612175000,0.743226205,33.62501744
1615.9125,1615912500,0.718886433,33.66947038
1619.65,1619650000,0.689404078,33.71901943
1623.3875,1623387500,0.655342994,33.77310096
1627.125,1627125000,0.617267038,33.83115132
1630.8625,1630862500,0.575740063,33.89260687
1634.6,1634600000,0.531325925,33.95690397
1638.3375,1638337500,0.484588478,34.02347896
1642.075,1642075000,0.436091578,34.09176821
1645.8125,1645812500,0.386399079,34.16120805
1649.55,1649550000,0.336074836,34.23123485
1653.2875,1653287500,0.285682704,34.30128494
1657.025,1657025000,0.235786539,34.37079468
1660.7625,1660762500,0.186950194,34.4392004
1664.5,1664500000,0.139737525,34.50593846
1668.2375,1668237500,0.094712387,34.5704452
1671.975,1671975000,0.052438634,34.63215695
1675.7125,1675712500,0.013480122,34.69051006
1679.45,1679450000,-0.021599294,34.74494087
1683.1875,1683187500,-0.052235761,34.79488571
1686.925,1686925000,-0.077865422,34.83978091
1690.6625,1690662500,-0.097924423,34.87906282
1694.4,1694400000,-0.111848909,34.91216776
1698.1375,1698137500,-0.119075025,34.93853208
1701.875,1701875000,-0.119406343,34.95795952
1705.6125,1705612500,-0.114815019,34.97242242
1709.35,1709350000,-0.105982589,34.98260252
1713.0875,1713087500,-0.09326616,34.98885708
1716.825,1716825000,-0.077022841,34.99154342
1720.5625,1720562500,-0.05760974,34.9910188
1724.3,1724300000,-0.035383964,34.98764053
1728.0375,1728037500,-0.010702622,34.98176588
1731.775,1731775000,0.016077177,34.97375214
1735.5125,1735512500,0.044598327,34.96395659
1739.25,1739250000,0.074503718,34.95273652
1742.9875,1742987500,0.105436243,34.94044921
1746.725,1746725000,0.137038794,34.92745193
1750.4625,1750462500,0.168954262,34.91410196
1754.2,1754200000,0.20082554,34.90075659
1757.9375,1757937500,0.232295518,34.88777309
1761.675,1761675000,0.26300709,34.87550874
1765.4125,1765412500,0.292603147,34.8643208
1769.15,1769150000,0.320726581,34.85456655
1772.8875,1772887500,0.347020284,34.84660328
1776.625,1776625000,0.371127147,34.84078823
1780.3625,1780362500,0.392690063,34.8374787
1784.1,1784100000,0.411351924,34.83703194
1787.8375,1787837500,0.426755621,34.83980523
1791.575,1791575000,0.438544047,34.84615583
1795.3125,1795312500,0.446360092,34.856441
1799.05,1799050000,0.44984665,34.87101802
1802.7875,1802787500,0.448271769,34.89061899
1806.525,1806525000,0.440712749,34.91616677
1810.2625,1810262500,0.427477373,34.94735373
1814,1814000000,0.408924672,34.98382098
1817.7375,1817737500,0.385413677,35.02520966
1821.475,1821475000,0.357303419,35.07116088
1825.2125,1825212500,0.324952931,35.12131576
1828.95,1828950000,0.288721242,35.17531541
1832.6875,1832687500,0.248967385,35.23280097
1836.425,1836425000,0.206050391,35.29341354
1840.1625,1840162500,0.160329291,35.35679423
1843.9,1843900000,0.112163117,35.42258417
1847.6375,1847637500,0.061910899,35.49042446
1851.375,1851375000,0.00993167,35.55995623
1855.1125,1855112500,-0.04341554,35.63082058
1858.85,1858850000,-0.0977717,35.70265861
1862.5875,1862587500,-0.152777777,35.77511146
1866.325,1866325000,-0.20807474,35.84782021
1870.0625,1870062500,-0.263303559,35.92042599
1873.8,1873800000,-0.318105201,35.99256989
1877.5375,1877537500,-0.372120637,36.06389303
1881.275,1881275000,-0.424990833,36.13403652
1885.0125,1885012500,-0.476356759,36.20264145
1888.75,1888750000,-0.525859384,36.26934893
1892.4875,1892487500,-0.573139676,36.33380007
1896.225,1896225000,-0.617838604,36.39563596
1899.9625,1899962500,-0.659597136,36.45449772
1903.7,1903700000,-0.699240778,36.51121098
1907.4375,1907437500,-0.737950032,36.56695636
1911.175,1911175000,-0.775830916,36.62184003
1914.9125,1914912500,-0.812989334,36.67596802
1918.65,1918650000,-0.84953119,36.72944635
1922.3875,1922387500,-0.885562388,36.78238107
1926.125,1926125000,-0.921188832,36.8348782
1929.8625,1929862500,-0.956516425,36.88704377
1933.6,1933600000,-0.991651072,36.93898382
1937.3375,1937337500,-1.026698676,36.99080437
1941.075,1941075000,-1.061765141,37.04261146
1944.8125,1944812500,-1.096956372,37.09451112
1948.55,1948550000,-1.132378271,37.14660936
1952.2875,1952287500,-1.168136744,37.19901222
1956.025,1956025000,-1.204337693,37.25182572
1959.7625,1959762500,-1.241087024,37.30515589
1963.5,1963500000,-1.278490639,37.35910875
1967.2375,1967237500,-1.316654443,37.41379033
1970.975,1970975000,-1.355684339,37.46930665
1974.7125,1974712500,-1.395686231,37.52576374
1978.45,1978450000,-1.436766024,37.58326761
1982.1875,1982187500,-1.479029621,37.64192428
1985.925,1985925000,-1.522582927,37.70183979
1989.6625,1989662500,-1.567531844,37.76312014
1993.4,1993400000,-1.613982277,37.82587136
1997.1375,1997137500,-1.66204013,37.89019946
2000.875,2000875000,-1.689419477,37.93381864
2004.6125,2004612500,-1.720565189,37.98117387
2008.35,2008350000,-1.756020922,38.03280893
2012.0875,2012087500,-1.795427866,38.08836513
2015.825,2015825000,-1.838427209,38.14748375
2019.5625,2019562500,-1.88466014,38.2098061
2023.3,2023300000,-1.933767847,38.27497348
2027.0375,2027037500,-1.985391519,38.34262718
2030.775,2030775000,-2.039172344,38.41240851
2034.5125,2034512500,-2.094751512,38.48395876
2038.25,2038250000,-2.15177021,38.55691923
2041.9875,2041987500,-2.209869627,38.63093121
2045.725,2045725000,-2.268690952,38.705636
2049.4625,2049462500,-2.327875373,38.7806749
2053.2,2053200000,-2.387064079,38.85568919
2056.9375,2056937500,-2.445898259,38.93032018
2060.675,2060675000,-2.504019101,39.00420915
2064.4125,2064412500,-2.561067793,39.07699739
2068.15,2068150000,-2.616685525,39.14832621
2071.8875,2071887500,-2.670513485,39.21783689
2075.625,2075625000,-2.722192862,39.28517072
2079.3625,2079362500,-2.771364843,39.34996899
2083.1,2083100000,-2.817670618,39.411873
2086.8375,2086837500,-2.860751376,39.47052402
2090.575,2090575000,-2.900248304,39.52556336
2094.3125,2094312500,-2.935802591,39.57663229
2098.05,2098050000,-2.967055427,39.62337211
2101.7875,2101787500,-2.994028899,39.665805
2105.525,2105525000,-3.01902059,39.70622864
2109.2625,2109262500,-3.04254459,39.74515722
2113,2113000000,-3.064681629,39.78267157
2116.7375,2116737500,-3.085512435,39.81885251
2120.475,2120475000,-3.105117738,39.85378087
2124.2125,2124212500,-3.123578269,39.88753747
2127.95,2127950000,-3.140974755,39.92020314
2131.6875,2131687500,-3.157387926,39.9518587
2135.425,2135425000,-3.172898512,39.98258497
2139.1625,2139162500,-3.187587242,40.01246278
2142.9,2142900000,-3.201534846,40.04157294
2146.6375,2146637500,-3.214822053,40.06999629
2150.375,2150375000,-3.227529591,40.09781364
2154.1125,2154112500,-3.239738192,40.12510581
2157.85,2157850000,-3.251528583,40.15195362
2161.5875,2161587500,-3.262981495,40.1784379
2165.325,2165325000,-3.274177656,40.20463946
2169.0625,2169062500,-3.285197797,40.23063912
2172.8,2172800000,-3.296122646,40.2565177
2176.5375,2176537500,-3.307032933,40.28235601
2180.275,2180275000,-3.318009387,40.30823489
2184.0125,2184012500,-3.329132737,40.33423513
2187.75,2187750000,-3.340483714,40.36043756
2191.4875,2191487500,-3.352143046,40.386923
2195.225,2195225000,-3.364191463,40.41377226
2198.9625,2198962500,-3.376709694,40.44106616
2202.7,2202700000,-3.390194146,40.46930118
2206.4375,2206437500,-3.405669535,40.49950214
2210.175,2210175000,-3.422934618,40.53146786
2213.9125,2213912500,-3.441722303,40.56493135
2217.65,2217650000,-3.461765503,40.5996256
2221.3875,2221387500,-3.482797128,40.6352836
2225.125,2225125000,-3.504550089,40.67163835
2228.8625,2228862500,-3.526757297,40.70842284
2232.6,2232600000,-3.549151662,40.74537007
2236.3375,2236337500,-3.571466096,40.78221302
2240.075,2240075000,-3.593433509,40.81868469
2243.8125,2243812500,-3.614786812,40.85451807
2247.55,2247550000,-3.635258917,40.88944616
2251.2875,2251287500,-3.654582733,40.92320193
2255.025,2255025000,-3.672491171,40.95551839
2258.7625,2258762500,-3.688717143,40.98612852
2262.5,2262500000,-3.70299356,41.01476532
2266.2375,2266237500,-3.715053331,41.04116176
2269.975,2269975000,-3.724629369,41.06505085
2273.7125,2273712500,-3.731454583,41.08616557
2277.45,2277450000,-3.735261885,41.10423891
2281.1875,2281187500,-3.735784185,41.11900385
2284.925,2284925000,-3.732754395,41.13019338
2288.6625,2288662500,-3.725905425,41.1375405
2292.4,2292400000,-3.714970186,41.14077818
2296.1375,2296137500,-3.699681589,41.13963942
2299.875,2299875000,-3.679772544,41.13385719
2303.6125,2303612500,-3.647751472,41.11594
2307.35,2307350000,-3.596299913,41.07856946
2311.0875,2311087500,-3.526975138,41.02330291
2314.825,2314825000,-3.441343411,40.95170669
2318.5625,2318562500,-3.340970995,40.86534714
2322.3,2322300000,-3.227424155,40.7657906
2326.0375,2326037500,-3.102269154,40.6546034
2329.775,2329775000,-2.967072256,40.53335187
2333.5125,2333512500,-2.823399723,40.40360236
2337.25,2337250000,-2.67281782,40.26692119
2340.9875,2340987500,-2.516892811,40.12487471
2344.725,2344725000,-2.357190959,39.97902924
2348.4625,2348462500,-2.195278527,39.83095112
2352.2,2352200000,-2.032721779,39.68220669
2355.9375,2355937500,-1.87108698,39.53436228
2359.675,2359675000,-1.711940391,39.38898422
2363.4125,2363412500,-1.556848278,39.24763884
2367.15,2367150000,-1.407376903,39.11189248
2370.8875,2370887500,-1.265092531,38.98331147
2374.625,2374625000,-1.131561424,38.86346214
2378.3625,2378362500,-1.008349847,38.75391082
2382.1,2382100000,-0.897024063,38.65622385
2385.8375,2385837500,-0.799150336,38.57196754
2389.575,2389575000,-0.716294929,38.50270825
2393.3125,2393312500,-0.650024106,38.45001229
2397.05,2397050000,-0.601904131,38.41544599
2400.7875,2400787500,-0.573736974,38.4008114
2404.525,2404525000,-0.573199854,38.41378579
2408.2625,2408262500,-0.601629495,38.45570596
2412,2412000000,-0.656645178,38.52419125
2415.7375,2415737500,-0.735866181,38.616861
2419.475,2419475000,-0.836911785,38.73133456
2423.2125,2423212500,-0.957401267,38.86523128
2426.95,2426950000,-1.094953909,39.01617049
2430.6875,2430687500,-1.247188989,39.18177154
2434.425,2434425000,-1.411725785,39.35965377
2438.1625,2438162500,-1.586183579,39.54743653
2441.9,2441900000,-1.768181648,39.74273915
2445.6375,2445637500,-1.955339273,39.94318097
2449.375,2449375000,-2.145275732,40.14638135
2453.1125,2453112500,-2.335610305,40.34995961
2456.85,2456850000,-2.523962271,40.55153511
2460.5875,2460587500,-2.707950909,40.74872718
2464.325,2464325000,-2.8851955,40.93915516
2468.0625,2468062500,-3.053315321,41.12043839
2471.8,2471800000,-3.209929653,41.29019621
2475.5375,2475537500,-3.352657774,41.44604796
2479.275,2479275000,-3.479118964,41.58561299
2483.0125,2483012500,-3.586932503,41.70651062
2486.75,2486750000,-3.673717669,41.8063602
2490.4875,2490487500,-3.737093742,41.88278107
2494.225,2494225000,-3.774680001,41.93339256
2497.9625,2497962500,-3.784095726,41.95581401
2501.7,2501700000,-3.765668915,41.95037349
2505.4375,2505437500,-3.737574321,41.93524579
2509.175,2509175000,-3.703935305,41.91455434
2512.9125,2512912500,-3.665120397,41.88866773
2516.65,2516650000,-3.621498132,41.85795455
2520.3875,2520387500,-3.573437042,41.82278338
2524.125,2524125000,-3.521305658,41.78352282
2527.8625,2527862500,-3.465472514,41.74054146
2531.6,2531600000,-3.406306143,41.69420788
2535.3375,2535337500,-3.344175077,41.64489068
2539.075,2539075000,-3.279447849,41.59295844
2542.8125,2542812500,-3.212492991,41.53877974
2546.55,2546550000,-3.143679036,41.48272319
2550.2875,2550287500,-3.073374516,41.42515736
2554.025,2554025000,-3.001947965,41.36645085
2557.7625,2557762500,-2.929767914,41.30697223
2561.5,2561500000,-2.857202897,41.2470901
2565.2375,2565237500,-2.784621445,41.18717305
2568.975,2568975000,-2.712392092,41.12758965
2572.7125,2572712500,-2.640883371,41.0687085
2576.45,2576450000,-2.570463813,41.01089819
2580.1875,2580187500,-2.501501952,40.95452729
2583.925,2583925000,-2.43436632,40.8999644
2587.6625,2587662500,-2.369425449,40.84757809
2591.4,2591400000,-2.307047873,40.79773696
2595.1375,2595137500,-2.247602124,40.75080959
2598.875,2598875000,-2.191456734,40.70716456
2602.6125,2602612500,-2.137736995,40.66592722
2606.35,2606350000,-2.083105766,40.62376048
2610.0875,2610087500,-2.027515925,40.58061726
2613.825,2613825000,-1.971148052,40.5366782
2617.5625,2617562500,-1.91418273,40.49212393
2621.3,2621300000,-1.856800538,40.44713509
2625.0375,2625037500,-1.799182058,40.4018923
2628.775,2628775000,-1.741507871,40.35657619
2632.5125,2632512500,-1.683958557,40.3113674
2636.25,2636250000,-1.626714699,40.26644655
2639.9875,2639987500,-1.569956876,40.22199429
2643.725,2643725000,-1.51386567,40.17819123
2647.4625,2647462500,-1.458621662,40.13521801
2651.2,2651200000,-1.404405432,40.09325525
2654.9375,2654937500,-1.351397563,40.0524836
2658.675,2658675000,-1.299778633,40.01308367
2662.4125,2662412500,-1.249729226,39.9752361
2666.15,2666150000,-1.201429921,39.93912151
2669.8875,2669887500,-1.1550613,39.90492054
2673.625,2673625000,-1.110803943,39.87281381
2677.3625,2677362500,-1.068838432,39.84298196
2681.1,2681100000,-1.029345347,39.8156056
2684.8375,2684837500,-0.99250527,39.79086537
2688.575,2688575000,-0.958498782,39.7689419
2692.3125,2692312500,-0.927506463,39.75001581
2696.05,2696050000,-0.899708894,39.73426774
2699.7875,2699787500,-0.875286657,39.7218783
2703.525,2703525000,-0.856331504,39.7149393
2707.2625,2707262500,-0.845037016,39.71564437
2711,2711000000,-0.841009489,39.72359984
2714.7375,2714737500,-0.843847958,39.7384048
2718.475,2718475000,-0.85315146,39.75965833
2722.2125,2722212500,-0.868519032,39.78695951
2725.95,2725950000,-0.889549711,39.81990742
2729.6875,2729687500,-0.915842532,39.85810115
2733.425,2733425000,-0.946996533,39.90113978
2737.1625,2737162500,-0.982610749,39.94862238
2740.9,2740900000,-1.022284219,40.00014804
2744.6375,2744637500,-1.065615977,40.05531583
2748.375,2748375000,-1.11220506,40.11372485
2752.1125,2752112500,-1.161650505,40.17497416
2755.85,2755850000,-1.213551349,40.23866286
2759.5875,2759587500,-1.267506628,40.30439001
2763.325,2763325000,-1.323115378,40.3717547
2767.0625,2767062500,-1.379976637,40.44035601
2770.8,2770800000,-1.437689439,40.50979302
2774.5375,2774537500,-1.495852823,40.5796648
2778.275,2778275000,-1.554065825,40.64957044
2782.0125,2782012500,-1.61192748,40.71910902
2785.75,2785750000,-1.669036826,40.78787961
2789.4875,2789487500,-1.724992899,40.85548129
2793.225,2793225000,-1.779394736,40.92151314
2796.9625,2796962500,-1.831841373,40.98557425
2800.7,2800700000,-1.882017218,41.04734905
2804.4375,2804437500,-1.932768446,41.10968376
2808.175,2808175000,-1.985576069,41.17405944
2811.9125,2811912500,-2.040347557,41.2403836
2815.65,2815650000,-2.096990379,41.30856375
2819.3875,2819387500,-2.155412006,41.3785074
2823.125,2823125000,-2.215519908,41.45012207
2826.8625,2826862500,-2.277221555,41.52331525
2830.6,2830600000,-2.340424417,41.59799446
2834.3375,2834337500,-2.405035963,41.67406722
2838.075,2838075000,-2.470963664,41.75144103
2841.8125,2841812500,-2.538114989,41.83002339
2845.55,2845550000,-2.60639741,41.90972183
2849.2875,2849287500,-2.675718394,41.99044385
2853.025,2853025000,-2.745985413,42.07209696
2856.7625,2856762500,-2.817105937,42.15458866
2860.5,2860500000,-2.888987435,42.23782648
2864.2375,2864237500,-2.961537377,42.32171791
2867.975,2867975000,-3.034663234,42.40617046
2871.7125,2871712500,-3.108272475,42.49109165
2875.45,2875450000,-3.182272571,42.57638898
2879.1875,2879187500,-3.25657099,42.66196995
2882.925,2882925000,-3.331075204,42.74774209
2886.6625,2886662500,-3.405692682,42.83361289
2890.4,2890400000,-3.480330894,42.91948987
2894.1375,2894137500,-3.554897311,43.00528052
2897.875,2897875000,-3.629299401,43.09089237
2901.6125,2901612500,-3.704302084,43.17709035
2905.35,2905350000,-3.786388288,43.27035745
2909.0875,2909087500,-3.876148451,43.37128414
2912.825,2912825000,-3.972637994,43.47892586
2916.5625,2916562500,-4.074912342,43.59233809
2920.3,2920300000,-4.182026915,43.71057628
2924.0375,2924037500,-4.293037136,43.8326959
2927.775,2927775000,-4.406998429,43.95775239
2931.5125,2931512500,-4.522966216,44.08480122
2935.25,2935250000,-4.639995919,44.21289785
2938.9875,2938987500,-4.75714296,44.34109774
2942.725,2942725000,-4.873462763,44.46845634
2946.4625,2946462500,-4.98801075,44.59402911
2950.2,2950200000,-5.099842343,44.71687152
2953.9375,2953937500,-5.208012966,44.83603901
2957.675,2957675000,-5.31157804,44.95058705
2961.4125,2961412500,-5.409592988,45.05957109
2965.15,2965150000,-5.501113233,45.1620466
2968.8875,2968887500,-5.585194197,45.25706902
2972.625,2972625000,-5.660891303,45.34369382
2976.3625,2976362500,-5.727259974,45.42097646
2980.1,2980100000,-5.783355631,45.48797238
2983.8375,2983837500,-5.828233698,45.54373705
2987.575,2987575000,-5.860949597,45.58732593
2991.3125,2991312500,-5.880558751,45.61779447
2995.05,2995050000,-5.886116582,45.63419812
2998.7875,2998787500,-5.899150423,45.65806426
3002.525,3002525000,-5.922065428,45.69179807
3006.2625,3006262500,-5.942455227,45.72299322
3010,3010000000,-5.961100507,45.75243042
3013.7375,3013737500,-5.978026554,45.780135
3017.475,3017475000,-5.993258654,45.80613227
3021.2125,3021212500,-6.006822091,45.83044755
3024.95,3024950000,-6.018742151,45.85310616
3028.6875,3028687500,-6.02904412,45.87413342
3032.425,3032425000,-6.037753283,45.89355465
3036.1625,3036162500,-6.044894925,45.91139516
3039.9,3039900000,-6.050494332,45.92768028
3043.6375,3043637500,-6.054576789,45.94243532
3047.375,3047375000,-6.057167582,45.95568559
3051.1125,3051112500,-6.058291995,45.96745642
3054.85,3054850000,-6.057975315,45.97777312
3058.5875,3058587500,-6.056242826,45.98666101
3062.325,3062325000,-6.053119815,45.99414541
3066.0625,3066062500,-6.048631566,46.00025163
3069.8,3069800000,-6.042803364,46.005005
3073.5375,3073537500,-6.035660497,46.00843082
3077.275,3077275000,-6.027228247,46.01055442
3081.0125,3081012500,-6.017531902,46.01140111
3084.75,3084750000,-6.006596747,46.0109962
3088.4875,3088487500,-5.994448066,46.00936503
3092.225,3092225000,-5.981111146,46.00653289
3095.9625,3095962500,-5.966611271,46.0025251
3099.7,3099700000,-5.950973727,45.99736699
3103.4375,3103437500,-5.9342238,45.99108387
3107.175,3107175000,-5.916386775,45.98370105
3110.9125,3110912500,-5.897487937,45.97524386
3114.65,3114650000,-5.877552571,45.96573759
3118.3875,3118387500,-5.856605964,45.95520758
3122.125,3122125000,-5.8346734,45.94367914
3125.8625,3125862500,-5.811780164,45.93117757
3129.6,3129600000,-5.787951544,45.91772821
3133.3375,3133337500,-5.763212822,45.90335635
3137.075,3137075000,-5.737589286,45.88808732
3140.8125,3140812500,-5.71110622,45.87194643
3144.55,3144550000,-5.68378891,45.854959
3148.2875,3148287500,-5.655662642,45.83715034
3152.025,3152025000,-5.626752699,45.81854577
3155.7625,3155762500,-5.597084369,45.79917059
3159.5,3159500000,-5.566682937,45.77905013
3163.2375,3163237500,-5.535573687,45.7582097
3166.975,3166975000,-5.503781905,45.73667461
3170.7125,3170712500,-5.471332877,45.71447017
3174.45,3174450000,-5.438251888,45.69162171
3178.1875,3178187500,-5.404564223,45.66815453
3181.925,3181925000,-5.370295168,45.64409394
3185.6625,3185662500,-5.335470008,45.61946527
3189.4,3189400000,-5.300114029,45.59429383
3193.1375,3193137500,-5.264252516,45.56860492
3196.875,3196875000,-5.227910754,45.54242386
3200.6125,3200612500,-5.191114029,45.51577597
3204.35,3204350000,-5.153887626,45.48868656
3208.0875,3208087500,-5.116256831,45.46118093
3211.825,3211825000,-5.078246928,45.43328441
3215.5625,3215562500,-5.039883204,45.40502231
3219.3,3219300000,-5.001190944,45.37641994
3223.0375,3223037500,-4.962195433,45.3475026
3226.775,3226775000,-4.922921957,45.31829563
3230.5125,3230512500,-4.8833958,45.28882432
3234.25,3234250000,-4.843642249,45.25911399
3237.9875,3237987500,-4.803686588,45.22918995
3241.725,3241725000,-4.763554104,45.19907751
3245.4625,3245462500,-4.723270081,45.16880199
3249.2,3249200000,-4.682859805,45.1383887
3252.9375,3252937500,-4.642348562,45.10786294
3256.675,3256675000,-4.601761636,45.07725004
3260.4125,3260412500,-4.561124313,45.0465753
3264.15,3264150000,-4.520461879,45.01586404
3267.8875,3267887500,-4.479799618,44.98514156
3271.625,3271625000,-4.439162817,44.95443318
3275.3625,3275362500,-4.398576761,44.92376421
3279.1,3279100000,-4.358066735,44.89315996
3282.8375,3282837500,-4.317658024,44.86264574
3286.575,3286575000,-4.277375914,44.83224686
3290.3125,3290312500,-4.237245691,44.80198864
3294.05,3294050000,-4.197292639,44.77189638
3297.7875,3297787500,-4.157542044,44.74199539
3301.525,3301525000,-4.118019192,44.712311
3305.2625,3305262500,-4.078749368,44.68286849
3309,3309000000,-4.039757856,44.6536932
3312.7375,3312737500,-4.001069944,44.62481042
3316.475,3316475000,-3.962710916,44.59624547
3320.2125,3320212500,-3.924706057,44.56802366
3323.95,3323950000,-3.887080653,44.5401703
3327.6875,3327687500,-3.849859989,44.5127107
3331.425,3331425000,-3.813069351,44.48567016
3335.1625,3335162500,-3.776734023,44.459074
3338.9,3338900000,-3.740879293,44.43294754
3342.6375,3342637500,-3.705530444,44.40731607
3346.375,3346375000,-3.670712762,44.3822049
3350.1125,3350112500,-3.636451533,44.35763936
3353.85,3353850000,-3.602772043,44.33364474
3357.5875,3357587500,-3.569699575,44.31024636
3361.325,3361325000,-3.537259416,44.28746953
3365.0625,3365062500,-3.505476852,44.26533955
3368.8,3368800000,-3.474377167,44.24388174
3372.5375,3372537500,-3.443985647,44.2231214
3376.275,3376275000,-3.414327578,44.20308384
3380.0125,3380012500,-3.385428244,44.18379437
3383.75,3383750000,-3.357312932,44.16527831
3387.4875,3387487500,-3.330006926,44.14756095
3391.225,3391225000,-3.303535512,44.13066762
3394.9625,3394962500,-3.277923976,44.11462361
3398.7,3398700000,-3.253197602,44.09945423
3402.4375,3402437500,-3.229381677,44.0851848
3406.175,3406175000,-3.206501485,44.07184063
3409.9125,3409912500,-3.184582312,44.05944701
3413.65,3413650000,-3.163649444,44.04802926
3417.3875,3417387500,-3.143728165,44.0376127
3421.125,3421125000,-3.124843762,44.02822261
3424.8625,3424862500,-3.107021519,44.01988432
3428.6,3428600000,-3.090286722,44.01262314
3432.3375,3432337500,-3.074664656,44.00646436
3436.075,3436075000,-3.060180607,44.0014333
3439.8125,3439812500,-3.04685986,43.99755527
3443.55,3443550000,-3.034727701,43.99485557
3447.2875,3447287500,-3.023809415,43.99335951
3451.025,3451025000,-3.014130287,43.9930924
3454.7625,3454762500,-3.005715603,43.99407954
3458.5,3458500000,-2.998590648,43.99634625
3462.2375,3462237500,-2.992780708,43.99991783
3465.975,3465975000,-2.988311067,44.00481958
3469.7125,3469712500,-2.985207012,44.01107683
3473.45,3473450000,-2.983493827,44.01871486
3477.1875,3477187500,-2.983196799,44.02775899
3480.925,3480925000,-2.984341212,44.03823453
3484.6625,3484662500,-2.986952352,44.05016679
3488.4,3488400000,-2.991055505,44.06358106
3492.1375,3492137500,-2.996675955,44.07850266
3495.875,3495875000,-3.003838988,44.0949569
3499.6125,3499612500,-3.012569889,44.11296907
3503.35,3503350000,-3.022343164,44.13201371
3507.0875,3507087500,-3.032353883,44.15128591
3510.825,3510825000,-3.04259128,44.17077492
3514.5625,3514562500,-3.053051903,44.19047732
3518.3,3518300000,-3.063732303,44.21038967
3522.0375,3522037500,-3.074629028,44.23050854
3525.775,3525775000,-3.08573863,44.25083051
3529.5125,3529512500,-3.097057657,44.27135214
3533.25,3533250000,-3.10858266,44.29207001
3536.9875,3536987500,-3.120310187,44.31298069
3540.725,3540725000,-3.132236789,44.33408074
3544.4625,3544462500,-3.144359014,44.35536673
3548.2,3548200000,-3.156673414,44.37683525
3551.9375,3551937500,-3.169176538,44.39848284
3555.675,3555675000,-3.181864934,44.4203061
3559.4125,3559412500,-3.194735154,44.44230158
3563.15,3563150000,-3.207783746,44.46446586
3566.8875,3566887500,-3.22100726,44.4867955
3570.625,3570625000,-3.234402247,44.50928707
3574.3625,3574362500,-3.247965255,44.53193716
3578.1,3578100000,-3.261692834,44.55474231
3581.8375,3581837500,-3.275581535,44.57769911
3585.575,3585575000,-3.289627906,44.60080413
3589.3125,3589312500,-3.303828497,44.62405393
3593.05,3593050000,-3.318179859,44.64744507
3596.7875,3596787500,-3.33267854,44.67097414
3600.525,3600525000,-3.347321091,44.69463771
3604.2625,3604262500,-3.36210406,44.71843233
3608,3608000000,-3.377023999,44.74235458
3611.7375,3611737500,-3.392077456,44.76640102
3615.475,3615475000,-3.407260981,44.79056824
3619.2125,3619212500,-3.422571124,44.81485279
3622.95,3622950000,-3.438004434,44.83925124
3626.6875,3626687500,-3.453557462,44.86376017
3630.425,3630425000,-3.469226756,44.88837614
3634.1625,3634162500,-3.485008867,44.91309572
3637.9,3637900000,-3.500900344,44.93791548
3641.6375,3641637500,-3.516897737,44.96283199
3645.375,3645375000,-3.532997596,44.98784181
3649.1125,3649112500,-3.54919647,45.01294152
3652.85,3652850000,-3.565490908,45.03812768
3656.5875,3656587500,-3.581877462,45.06339687
3660.325,3660325000,-3.598352679,45.08874564
3664.0625,3664062500,-3.614913111,45.11417057
3667.8,3667800000,-3.631555306,45.13966823
3671.5375,3671537500,-3.648275815,45.16523518
3675.275,3675275000,-3.665071187,45.190868
3679.0125,3679012500,-3.681937971,45.21656324
3682.75,3682750000,-3.698872718,45.24231748
3686.4875,3686487500,-3.715871977,45.26812729
3690.225,3690225000,-3.732932297,45.29398923
3693.9625,3693962500,-3.750050229,45.31989988
3697.7,3697700000,-3.767222322,45.34585579
3701.4375,3701437500,-3.784445126,45.37185354
3705.175,3705175000,-3.80171519,45.39788969
3708.9125,3708912500,-3.819029065,45.42396082
3712.65,3712650000,-3.836383299,45.45006348
3716.3875,3716387500,-3.853774442,45.47619426
3720.125,3720125000,-3.871199045,45.5023497
3723.8625,3723862500,-3.888653657,45.52852639
3727.6,3727600000,-3.906134827,45.55472089
3731.3375,3731337500,-3.923639106,45.58092976
3735.075,3735075000,-3.941163042,45.60714958
3738.8125,3738812500,-3.958703186,45.63337691
3742.55,3742550000,-3.976256087,45.65960831
3746.2875,3746287500,-3.993818295,45.68584036
3750.025,3750025000,-4.01138636,45.71206962
3753.7625,3753762500,-4.028956831,45.73829266
3757.5,3757500000,-4.046526258,45.76450604
3761.2375,3761237500,-4.064091191,45.79070634
3764.975,3764975000,-4.081648179,45.81689011
3768.7125,3768712500,-4.099193772,45.84305393
3772.45,3772450000,-4.11672452,45.86919437
3776.1875,3776187500,-4.134236972,45.89530798
3779.925,3779925000,-4.151727678,45.92139133
3783.6625,3783662500,-4.169193188,45.947441
3787.4,3787400000,-4.186630051,45.97345355
3791.1375,3791137500,-4.204034818,45.99942554
3794.875,3794875000,-4.221404037,46.02535354
3798.6125,3798612500,-4.238734258,46.05123412
3802.35,3802350000,-4.256022032,46.07706384
3806.0875,3806087500,-4.273263908,46.10283927
3809.825,3809825000,-4.290456435,46.12855698
3813.5625,3813562500,-4.307596163,46.15421353
3817.3,3817300000,-4.324679642,46.17980549
3821.0375,3821037500,-4.341703422,46.20532942
3824.775,3824775000,-4.358664052,46.23078189
3828.5125,3828512500,-4.375558082,46.25615947
3832.25,3832250000,-4.392382061,46.28145872
3835.9875,3835987500,-4.40913254,46.30667621
3839.725,3839725000,-4.425806067,46.3318085
3843.4625,3843462500,-4.442399194,46.35685216
3847.2,3847200000,-4.458908468,46.38180375
3850.9375,3850937500,-4.47533044,46.40665984
3854.675,3854675000,-4.491661661,46.431417
3858.4125,3858412500,-4.507898678,46.4560718
3862.15,3862150000,-4.524038043,46.48062078
3865.8875,3865887500,-4.540076304,46.50506054
3869.625,3869625000,-4.556010011,46.52938762
3873.3625,3873362500,-4.571835715,46.55359859
3877.1,3877100000,-4.587549964,46.57769002
3880.8375,3880837500,-4.603149309,46.60165847
3884.575,3884575000,-4.618630299,46.62550052
3888.3125,3888312500,-4.633989484,46.64921271
3892.05,3892050000,-4.649223413,46.67279163
3895.7875,3895787500,-4.664328636,46.69623383
3899.525,3899525000,-4.679301703,46.71953588
3903.2625,3903262500,-4.694139164,46.74269435
3907,3907000000,-4.708837568,46.76570579
3910.7375,3910737500,-4.723393464,46.78856678
3914.475,3914475000,-4.737803404,46.81127388
3918.2125,3918212500,-4.752063935,46.83382365
3921.95,3921950000,-4.766171608,46.85621266
3925.6875,3925687500,-4.780122973,46.87843748
3929.425,3929425000,-4.793914579,46.90049466
3933.1625,3933162500,-4.807542977,46.92238077
3936.9,3936900000,-4.821004714,46.94409239
3940.6375,3940637500,-4.834296342,46.96562606
3944.375,3944375000,-4.84741441,46.98697836
3948.1125,3948112500,-4.860355468,47.00814585
3951.85,3951850000,-4.873116065,47.0291251
3955.5875,3955587500,-4.885692751,47.04991267
3959.325,3959325000,-4.898082076,47.07050512
3963.0625,3963062500,-4.910280589,47.09089902
3966.8,3966800000,-4.92228484,47.11109093
3970.5375,3970537500,-4.934091379,47.13107742
3974.275,3974275000,-4.945696756,47.15085505
3978.0125,3978012500,-4.957097519,47.17042039
3981.75,3981750000,-4.968290219,47.18976999
3985.4875,3985487500,-4.979271406,47.20890043
3989.225,3989225000,-4.990037629,47.22780827
3992.9625,3992962500,-5.000585438,47.24649007
3996.7,3996700000,-5.010911382,47.26494239
4000.4375,4000437500,-4.998533795,47.26068359
4004.175,4004175000,-4.985370122,47.25563112
4007.9125,4007912500,-4.97107629,47.24944092
4011.65,4011650000,-4.955669728,47.24213044
4015.3875,4015387500,-4.939167861,47.23371711
4019.125,4019125000,-4.921588117,47.22421839
4022.8625,4022862500,-4.902947922,47.2136517
4026.6,4026600000,-4.883264705,47.20203449
4030.3375,4030337500,-4.86255589,47.1893842
4034.075,4034075000,-4.840838907,47.17571827
4037.8125,4037812500,-4.81813118,47.16105414
4041.55,4041550000,-4.794450138,47.14540926
4045.2875,4045287500,-4.769813208,47.12880106
4049.025,4049025000,-4.744237815,47.11124698
4052.7625,4052762500,-4.717741388,47.09276447
4056.5,4056500000,-4.690341353,47.07337096
4060.2375,4060237500,-4.662055136,47.0530839
4063.975,4063975000,-4.632900166,47.03192072
4067.7125,4067712500,-4.602893869,47.00989887
4071.45,4071450000,-4.572053671,46.98703579
4075.1875,4075187500,-4.540397,46.96334891
4078.925,4078925000,-4.507941283,46.93885568
4082.6625,4082662500,-4.474703946,46.91357354
4086.4,4086400000,-4.440702417,46.88751993
4090.1375,4090137500,-4.405954123,46.86071229
4093.875,4093875000,-4.37047649,46.83316805
4097.6125,4097612500,-4.334286945,46.80490466
4101.35,4101350000,-4.297402915,46.77593957
4105.0875,4105087500,-4.259841828,46.7462902
4108.825,4108825000,-4.22162111,46.715974
4112.5625,4112562500,-4.182758188,46.68500841
4116.3,4116300000,-4.143270488,46.65341087
4120.0375,4120037500,-4.103175439,46.62119882
4123.775,4123775000,-4.062490467,46.5883897
4127.5125,4127512500,-4.021232998,46.55500094
4131.25,4131250000,-3.979420461,46.52105
4134.9875,4134987500,-3.937070281,46.4865543
4138.725,4138725000,-3.894199885,46.45153129
4142.4625,4142462500,-3.850826701,46.41599841
4146.2,4146200000,-3.806968156,46.3799731
4149.9375,4149937500,-3.762641676,46.3434728
4153.675,4153675000,-3.717864688,46.30651494
4157.4125,4157412500,-3.672654619,46.26911697
4161.15,4161150000,-3.627028897,46.23129633
4164.8875,4164887500,-3.581004948,46.19307045
4168.625,4168625000,-3.534600199,46.15445677
4172.3625,4172362500,-3.487832077,46.11547275
4176.1,4176100000,-3.440718009,46.0761358
4179.8375,4179837500,-3.393275421,46.03646338
4183.575,4183575000,-3.345521742,45.99647292
4187.3125,4187312500,-3.297474397,45.95618187
4191.05,4191050000,-3.249150814,45.91560766
4194.7875,4194787500,-3.20056842,45.87476772
4198.525,4198525000,-3.151744641,45.83367951
4202.2625,4202262500,-3.102696904,45.79236046
4206,4206000000,-3.053442637,45.750828
4209.7375,4209737500,-3.003999267,45.70909959
4213.475,4213475000,-2.954384219,45.66719265
4217.2125,4217212500,-2.904614922,45.62512462
4220.95,4220950000,-2.854708802,45.58291296
4224.6875,4224687500,-2.804683286,45.54057508
4228.425,4228425000,-2.754555801,45.49812844
4232.1625,4232162500,-2.704343773,45.45559047
4235.9,4235900000,-2.654064631,45.41297861
4239.6375,4239637500,-2.603735801,45.3703103
4243.375,4243375000,-2.553374709,45.32760298
4247.1125,4247112500,-2.502998783,45.28487408
4250.85,4250850000,-2.452625449,45.24214105
4254.5875,4254587500,-2.402272135,45.19942133
4258.325,4258325000,-2.351956268,45.15673235
4262.0625,4262062500,-2.301695274,45.11409155
4265.8,4265800000,-2.25150658,45.07151638
4269.5375,4269537500,-2.201407614,45.02902426
4273.275,4273275000,-2.151415801,44.98663264
4277.0125,4277012500,-2.10154857,44.94435896
4280.75,4280750000,-2.051823347,44.90222065
4284.4875,4284487500,-2.002257559,44.86023516
4288.225,4288225000,-1.952868633,44.81841992
4291.9625,4291962500,-1.903673995,44.77679237
4295.7,4295700000,-1.854691074,44.73536995
4299.4375,4299437500,-1.805937295,44.6941701
4303.175,4303175000,-1.757430086,44.65321025
4306.9125,4306912500,-1.709186873,44.61250785
4310.65,4310650000,-1.661225084,44.57208033
4314.3875,4314387500,-1.613562146,44.53194513
4318.125,4318125000,-1.566215485,44.49211969
4321.8625,4321862500,-1.519202528,44.45262144
4325.6,4325600000,-1.472540702,44.41346783
4329.3375,4329337500,-1.426247435,44.3746763
4333.075,4333075000,-1.380340152,44.33626428
4336.8125,4336812500,-1.334836282,44.2982492
4340.55,4340550000,-1.289753251,44.26064852
4344.2875,4344287500,-1.245108486,44.22347966
4348.025,4348025000,-1.200919413,44.18676006
4351.7625,4351762500,-1.157203461,44.15050717
4355.5,4355500000,-1.113978055,44.11473842
4359.2375,4359237500,-1.071260622,44.07947124
4362.975,4362975000,-1.029068591,44.04472308
4366.7125,4366712500,-0.987419387,44.01051137
4370.45,4370450000,-0.946330437,43.97685356
4374.1875,4374187500,-0.905819168,43.94376707
4377.925,4377925000,-0.865903008,43.91126935
4381.6625,4381662500,-0.826599384,43.87937784
4385.4,4385400000,-0.787925721,43.84810997
4389.1375,4389137500,-0.749899448,43.81748317
4392.875,4392875000,-0.71253799,43.7875149
4396.6125,4396612500,-0.675858776,43.75822258
4400.35,4400350000,-0.639879231,43.72962366
4404.0875,4404087500,-0.604616784,43.70173556
4407.825,4407825000,-0.57008886,43.67457574
4411.5625,4411562500,-0.536312887,43.64816161
4415.3,4415300000,-0.503306291,43.62251064
4419.0375,4419037500,-0.471086501,43.59764024
4422.775,4422775000,-0.439670941,43.57356786
4426.5125,4426512500,-0.40907704,43.55031094
4430.25,4430250000,-0.379322225,43.52788691
4433.9875,4433987500,-0.350423922,43.50631321
4437.725,4437725000,-0.322399558,43.48560728
4441.4625,4441462500,-0.29526656,43.46578655
4445.2,4445200000,-0.269042355,43.44686847
4448.9375,4448937500,-0.243744371,43.42887046
4452.675,4452675000,-0.219390033,43.41180998
4456.4125,4456412500,-0.195996769,43.39570444
4460.15,4460150000,-0.173582006,43.3805713
4463.8875,4463887500,-0.152163171,43.36642799
4467.625,4467625000,-0.131757691,43.35329194
4471.3625,4471362500,-0.112382992,43.3411806
4475.1,4475100000,-0.094056502,43.33011139
4478.8375,4478837500,-0.076795647,43.32010176
4482.575,4482575000,-0.060617855,43.31116915
4486.3125,4486312500,-0.045540552,43.30333099
4490.05,4490050000,-0.031581166,43.29660471
4493.7875,4493787500,-0.018757123,43.29100776
4497.525,4497525000,-0.00708585,43.28655757
4501.2625,4501262500,0.003480469,43.28320634
4505,4505000000,0.013757021,43.28013889
4508.7375,4508737500,0.023992757,43.27710627
4512.475,4512475000,0.034187123,43.27410905
4516.2125,4516212500,0.044339568,43.2711478
4519.95,4519950000,0.054449537,43.26822308
4523.6875,4523687500,0.064516477,43.26533544
4527.425,4527425000,0.074539836,43.26248546
4531.1625,4531162500,0.084519061,43.25967369
4534.9,4534900000,0.094453598,43.2569007
4538.6375,4538637500,0.104342895,43.25416705
4542.375,4542375000,0.114186398,43.2514733
4546.1125,4546112500,0.123983554,43.24882002
4549.85,4549850000,0.13373381,43.24620777
4553.5875,4553587500,0.143436614,43.24363711
4557.325,4557325000,0.153091411,43.24110861
4561.0625,4561062500,0.16269765,43.23862282
4564.8,4564800000,0.172254777,43.23618031
4568.5375,4568537500,0.181762239,43.23378164
4572.275,4572275000,0.191219482,43.23142738
4576.0125,4576012500,0.200625955,43.22911809
4579.75,4579750000,0.209981103,43.22685432
4583.4875,4583487500,0.219284374,43.22463665
4587.225,4587225000,0.228535215,43.22246563
4590.9625,4590962500,0.237733073,43.22034183
4594.7,4594700000,0.246877394,43.21826581
4598.4375,4598437500,0.255967625,43.21623814
4602.175,4602175000,0.265003214,43.21425936
4605.9125,4605912500,0.273983608,43.21233006
4609.65,4609650000,0.282908253,43.21045078
4613.3875,4613387500,0.291776596,43.2086221
4617.125,4617125000,0.300588085,43.20684456
4620.8625,4620862500,0.309342165,43.20511875
4624.6,4624600000,0.318038285,43.20344521
4628.3375,4628337500,0.326675891,43.20182452
4632.075,4632075000,0.335254431,43.20025722
4635.8125,4635812500,0.34377335,43.19874389
4639.55,4639550000,0.352232096,43.19728509
4643.2875,4643287500,0.360630116,43.19588138
4647.025,4647025000,0.368966857,43.19453332
4650.7625,4650762500,0.377241765,43.19324147
4654.5,4654500000,0.385454289,43.1920064
4658.2375,4658237500,0.393603874,43.19082867
4661.975,4661975000,0.401689968,43.18970884
4665.7125,4665712500,0.409712017,43.18864747
4669.45,4669450000,0.417669469,43.18764512
4673.1875,4673187500,0.42556177,43.18670236
4676.925,4676925000,0.433388368,43.18581974
4680.6625,4680662500,0.441148709,43.18499784
4684.4,4684400000,0.448842241,43.18423721
4688.1375,4688137500,0.45646841,43.18353841
4691.875,4691875000,0.464026663,43.182902
4695.6125,4695612500,0.471516447,43.18232855
4699.35,4699350000,0.478937209,43.18181863
4703.0875,4703087500,0.486288396,43.18137278
4706.825,4706825000,0.493569456,43.18099157
4710.5625,4710562500,0.500779834,43.18067557
4714.3,4714300000,0.507918978,43.18042534
4718.0375,4718037500,0.514986335,43.18024143
4721.775,4721775000,0.521981352,43.18012442
4725.5125,4725512500,0.528903475,43.18007485
4729.25,4729250000,0.535752153,43.1800933
4732.9875,4732987500,0.542526831,43.18018032
4736.725,4736725000,0.549226956,43.18033648
4740.4625,4740462500,0.555851976,43.18056233
4744.2,4744200000,0.562401338,43.18085845
4747.9375,4747937500,0.568874487,43.18122538
4751.675,4751675000,0.575270873,43.1816637
4755.4125,4755412500,0.58158994,43.18217396
4759.15,4759150000,0.587831137,43.18275673
4762.8875,4762887500,0.59399391,43.18341256
4766.625,4766625000,0.600077706,43.18414202
4770.3625,4770362500,0.606081973,43.18494567
4774.1,4774100000,0.612006156,43.18582408
4777.8375,4777837500,0.617849703,43.18677779
4781.575,4781575000,0.623612062,43.18780738
4785.3125,4785312500,0.629292678,43.18891341
4789.05,4789050000,0.634890999,43.19009643
4792.7875,4792787500,0.640406472,43.19135701
4796.525,4796525000,0.645838543,43.1926957
4800.2625,4800262500,0.651186661,43.19411308
4804,4804000000,0.65645027,43.1956097
4807.7375,4807737500,0.66162882,43.19718613
4811.475,4811475000,0.666721756,43.19884292
4815.2125,4815212500,0.671728525,43.20058063
4818.95,4818950000,0.676648575,43.20239983
4822.6875,4822687500,0.681481352,43.20430108
4826.425,4826425000,0.686226304,43.20628493
4830.1625,4830162500,0.690882877,43.20835196
4833.9,4833900000,0.695450517,43.21050272
4837.6375,4837637500,0.699928674,43.21273777
4841.375,4841375000,0.704316792,43.21505767
4845.1125,4845112500,0.708614319,43.21746299
4848.85,4848850000,0.712820702,43.21995428
4852.5875,4852587500,0.716935388,43.22253211
4856.325,4856325000,0.720957824,43.22519704
4860.0625,4860062500,0.724887457,43.22794963
4863.8,4863800000,0.728723734,43.23079043
4867.5375,4867537500,0.732466101,43.23372002
4871.275,4871275000,0.736114006,43.23673895
4875.0125,4875012500,0.739666896,43.23984778
4878.75,4878750000,0.743124217,43.24304707
4882.4875,4882487500,0.746485417,43.24633738
4886.225,4886225000,0.749749942,43.24971929
4889.9625,4889962500,0.75291724,43.25319333
4893.7,4893700000,0.755986757,43.25676009
4897.4375,4897437500,0.75895794,43.26042011
4901.175,4901175000,0.761830236,43.26417396
4904.9125,4904912500,0.764603093,43.26802219
4908.65,4908650000,0.767275957,43.27196538
4912.3875,4912387500,0.769848275,43.27600408
4916.125,4916125000,0.772319494,43.28013885
4919.8625,4919862500,0.774689061,43.28437025
4923.6,4923600000,0.776956423,43.28869884
4927.3375,4927337500,0.779121026,43.29312518
4931.075,4931075000,0.781182319,43.29764984
4934.8125,4934812500,0.783139747,43.30227338
4938.55,4938550000,0.784992758,43.30699634
4942.2875,4942287500,0.786740799,43.31181931
4946.025,4946025000,0.788383316,43.31674283
4949.7625,4949762500,0.789919757,43.32176746
4953.5,4953500000,0.791349568,43.32689378
4957.2375,4957237500,0.792672197,43.33212233
4960.975,4960975000,0.79388709,43.33745368
4964.7125,4964712500,0.794993695,43.34288839
4968.45,4968450000,0.795991458,43.34842702
4972.1875,4972187500,0.796879826,43.35407012
4975.925,4975925000,0.797658246,43.35981827
4979.6625,4979662500,0.798326166,43.36567202
4983.4,4983400000,0.798883031,43.37163193
4987.1375,4987137500,0.79932829,43.37769856
4990.875,4990875000,0.799661388,43.38387247
4994.6125,4994612500,0.799881773,43.39015422
4998.35,4998350000,0.799988893,43.39654438
5002.0875,5002087500,0.799906137,43.40311955
5005.825,5005825000,0.799272791,43.41024047
5009.5625,5009562500,0.798050049,43.41794594
5013.3,5013300000,0.796246932,43.42622695
5017.0375,5017037500,0.793872462,43.43507448
5020.775,5020775000,0.790935662,43.44447953
5024.5125,5024512500,0.787445552,43.45443307
5028.25,5028250000,0.783411154,43.46492609
5031.9875,5031987500,0.77884149,43.47594958
5035.725,5035725000,0.773745581,43.48749453
5039.4625,5039462500,0.76813245,43.49955191
5043.2,5043200000,0.762011117,43.51211271
5046.9375,5046937500,0.755390605,43.52516793
5050.675,5050675000,0.748279936,43.53870853
5054.4125,5054412500,0.74068813,43.55272552
5058.15,5058150000,0.73262421,43.56720988
5061.8875,5061887500,0.724097197,43.58215258
5065.625,5065625000,0.715116113,43.59754462
5069.3625,5069362500,0.70568998,43.61337698
5073.1,5073100000,0.695827819,43.62964064
5076.8375,5076837500,0.685538652,43.6463266
5080.575,5080575000,0.674831501,43.66342584
5084.3125,5084312500,0.663715387,43.68092933
5088.05,5088050000,0.652199333,43.69882808
5091.7875,5091787500,0.640292359,43.71711305
5095.525,5095525000,0.628003487,43.73577525
5099.2625,5099262500,0.615341739,43.75480564
5103,5103000000,0.602316138,43.77419523
5106.7375,5106737500,0.588935703,43.79393499
5110.475,5110475000,0.575209458,43.8140159
5114.2125,5114212500,0.561146423,43.83442896
5117.95,5117950000,0.546755621,43.85516515
5121.6875,5121687500,0.532046074,43.87621546
5125.425,5125425000,0.517026801,43.89757086
5129.1625,5129162500,0.501706827,43.91922234
5132.9,5132900000,0.486095172,43.9411609
5136.6375,5136637500,0.470200857,43.9633775
5140.375,5140375000,0.454032905,43.98586315
5144.1125,5144112500,0.437600337,44.00860882
5147.85,5147850000,0.420912175,44.0316055
5151.5875,5151587500,0.403977441,44.05484417
5155.325,5155325000,0.386805156,44.07831583
5159.0625,5159062500,0.369404342,44.10201144
5162.8,5162800000,0.35178402,44.12592201
5166.5375,5166537500,0.333953213,44.15003851
5170.275,5170275000,0.315920942,44.17435192
5174.0125,5174012500,0.297696228,44.19885324
5177.75,5177750000,0.279288094,44.22353345
5181.4875,5181487500,0.260705561,44.24838354
5185.225,5185225000,0.24195765,44.27339448
5188.9625,5188962500,0.223053384,44.29855726
5192.7,5192700000,0.204001784,44.32386287
5196.4375,5196437500,0.184811871,44.34930229
5200.175,5200175000,0.165492668,44.37486651
5203.9125,5203912500,0.146053196,44.40054652
5207.65,5207650000,0.126502476,44.42633329
5211.3875,5211387500,0.106849532,44.45221781
5215.125,5215125000,0.087103383,44.47819106
5218.8625,5218862500,0.067273052,44.50424404
5222.6,5222600000,0.04736756,44.53036773
5226.3375,5226337500,0.02739593,44.5565531
5230.075,5230075000,0.007367182,44.58279115
5233.8125,5233812500,-0.012709661,44.60907286
5237.55,5237550000,-0.032825578,44.63538922
5241.2875,5241287500,-0.052971547,44.6617312
5245.025,5245025000,-0.073138546,44.6880898
5248.7625,5248762500,-0.093317555,44.71445599
5252.5,5252500000,-0.11349955,44.74082077
5256.2375,5256237500,-0.133675511,44.76717512
5259.975,5259975000,-0.153836415,44.79351002
5263.7125,5263712500,-0.173973242,44.81981645
5267.45,5267450000,-0.194076969,44.84608541
5271.1875,5271187500,-0.214138575,44.87230787
5274.925,5274925000,-0.234149038,44.89847482
5278.6625,5278662500,-0.254099336,44.92457725
5282.4,5282400000,-0.273980448,44.95060613
5286.1375,5286137500,-0.293783352,44.97655246
5289.875,5289875000,-0.313499026,45.00240722
5293.6125,5293612500,-0.333118449,45.02816139
5297.35,5297350000,-0.352632599,45.05380596
5301.0875,5301087500,-0.372032454,45.07933191
5304.825,5304825000,-0.391308993,45.10473022
5308.5625,5308562500,-0.410453193,45.12999189
5312.3,5312300000,-0.429456034,45.15510789
5316.0375,5316037500,-0.448308494,45.18006921
5319.775,5319775000,-0.46700155,45.20486683
5323.5125,5323512500,-0.485526182,45.22949174
5327.25,5327250000,-0.503873367,45.25393493
5330.9875,5330987500,-0.522034084,45.27818737
5334.725,5334725000,-0.539999311,45.30224005
5338.4625,5338462500,-0.557760027,45.32608395
5342.2,5342200000,-0.575307209,45.34971007
5345.9375,5345937500,-0.592631837,45.37310938
5349.675,5349675000,-0.609724888,45.39627287
5353.4125,5353412500,-0.626577341,45.41919151
5357.15,5357150000,-0.643180174,45.44185631
5360.8875,5360887500,-0.659524366,45.46425824
5364.625,5364625000,-0.675600894,45.48638828
5368.3625,5368362500,-0.691400738,45.50823742
5372.1,5372100000,-0.706914874,45.52979664
5375.8375,5375837500,-0.722134283,45.55105693
5379.575,5379575000,-0.737049941,45.57200927
5383.3125,5383312500,-0.751652828,45.59264465
5387.05,5387050000,-0.765933922,45.61295405
5390.7875,5390787500,-0.779884201,45.63292845
5394.525,5394525000,-0.793494642,45.65255884
5398.2625,5398262500,-0.806756226,45.67183621
5402,5402000000,-0.81965993,45.69075153
5405.7375,5405737500,-0.832196731,45.70929579
5409.475,5409475000,-0.84435761,45.72745997
5413.2125,5413212500,-0.856133543,45.74523506
5416.95,5416950000,-0.86751551,45.76261205
5420.6875,5420687500,-0.878494488,45.77958191
5424.425,5424425000,-0.889061456,45.79613563
5428.1625,5428162500,-0.899207393,45.8122642
5431.9,5431900000,-0.908923276,45.8279586
5435.6375,5435637500,-0.918200084,45.84320981
5439.375,5439375000,-0.927028795,45.85800881
5443.1125,5443112500,-0.935400387,45.8723466
5446.85,5446850000,-0.943305839,45.88621415
5450.5875,5450587500,-0.95073613,45.89960245
5454.325,5454325000,-0.957682237,45.91250248
5458.0625,5458062500,-0.964135139,45.92490523
5461.8,5461800000,-0.970085813,45.93680168
5465.5375,5465537500,-0.97552524,45.94818281
5469.275,5469275000,-0.980444396,45.95903961
5473.0125,5473012500,-0.98483426,45.96936306
5476.75,5476750000,-0.988685811,45.97914415
5480.4875,5480487500,-0.991990026,45.98837386
5484.225,5484225000,-0.994737884,45.99704317
5487.9625,5487962500,-0.996920364,46.00514307
5491.7,5491700000,-0.998528443,46.01266454
5495.4375,5495437500,-0.999553101,46.01959856
5499.175,5499175000,-0.999985315,46.02593612
5502.9125,5502912500,-0.999979563,46.03183171
5506.65,5506650000,-0.999892925,46.0376424
5510.3875,5510387500,-0.999737453,46.04338026
5514.125,5514125000,-0.999512144,46.04904428
5517.8625,5517862500,-0.999215997,46.05463348
5521.6,5521600000,-0.998848007,46.06014685
5525.3375,5525337500,-0.998407174,46.06558339
5529.075,5529075000,-0.997892495,46.07094212
5532.8125,5532812500,-0.997302966,46.07622202
5536.55,5536550000,-0.996637587,46.08142211
5540.2875,5540287500,-0.995895354,46.08654139
5544.025,5544025000,-0.995075265,46.09157886
5547.7625,5547762500,-0.994176317,46.09653353
5551.5,5551500000,-0.993197509,46.10140439
5555.2375,5555237500,-0.992137838,46.10619045
5558.975,5558975000,-0.990996301,46.11089072
5562.7125,5562712500,-0.989771896,46.11550419
5566.45,5566450000,-0.98846362,46.12002987
5570.1875,5570187500,-0.987070472,46.12446676
5573.925,5573925000,-0.985591448,46.12881386
5577.6625,5577662500,-0.984025547,46.13307019
5581.4,5581400000,-0.982371766,46.13723473
5585.1375,5585137500,-0.980629102,46.14130649
5588.875,5588875000,-0.978796554,46.14528448
5592.6125,5592612500,-0.976873118,46.1491677
5596.35,5596350000,-0.974857792,46.15295515
5600.0875,5600087500,-0.972749574,46.15664583
5603.825,5603825000,-0.970547462,46.16023875
5607.5625,5607562500,-0.968250453,46.16373291
5611.3,5611300000,-0.965857544,46.16712731
5615.0375,5615037500,-0.963367734,46.17042095
5618.775,5618775000,-0.96078002,46.17361285
5622.5125,5622512500,-0.958093399,46.17670199
5626.25,5626250000,-0.955306869,46.17968739
5629.9875,5629987500,-0.952419427,46.18256804
5633.725,5633725000,-0.949430072,46.18534295
5637.4625,5637462500,-0.946337801,46.18801112
5641.2,5641200000,-0.943141611,46.19057156
5644.9375,5644937500,-0.9398405,46.19302326
5648.675,5648675000,-0.936433466,46.19536523
5652.4125,5652412500,-0.932919506,46.19759647
5656.15,5656150000,-0.929297617,46.19971598
5659.8875,5659887500,-0.925566798,46.20172278
5663.625,5663625000,-0.921726046,46.20361585
5667.3625,5667362500,-0.917774358,46.2053942
5671.1,5671100000,-0.913710733,46.20705684
5674.8375,5674837500,-0.909534167,46.20860277
5678.575,5678575000,-0.905243659,46.21003098
5682.3125,5682312500,-0.900838205,46.21134049
5686.05,5686050000,-0.896316804,46.21253029
5689.7875,5689787500,-0.891678453,46.21359939
5693.525,5693525000,-0.88692215,46.21454679
5697.2625,5697262500,-0.882046892,46.21537149
5701,5701000000,-0.877051677,46.2160725
5704.7375,5704737500,-0.871935502,46.21664881
5708.475,5708475000,-0.866697365,46.21709943
5712.2125,5712212500,-0.861336264,46.21742337
5715.95,5715950000,-0.855851196,46.21761962
5719.6875,5719687500,-0.850241159,46.21768719
5723.425,5723425000,-0.844505151,46.21762507
5727.1625,5727162500,-0.838642168,46.21743228
5730.9,5730900000,-0.832651209,46.21710782
5734.6375,5734637500,-0.826531271,46.21665068
5738.375,5738375000,-0.820281352,46.21605987
5742.1125,5742112500,-0.813900449,46.21533439
5745.85,5745850000,-0.807387561,46.21447324
5749.5875,5749587500,-0.800741683,46.21347544
5753.325,5753325000,-0.793961815,46.21233997
5757.0625,5757062500,-0.787046954,46.21106584
5760.8,5760800000,-0.779996097,46.20965206
5764.5375,5764537500,-0.772808242,46.20809762
5768.275,5768275000,-0.765482386,46.20640153
5772.0125,5772012500,-0.758017528,46.20456279
5775.75,5775750000,-0.750412664,46.2025804
5779.4875,5779487500,-0.742666792,46.20045337
5783.225,5783225000,-0.73477891,46.19818069
5786.9625,5786962500,-0.726748016,46.19576138
5790.7,5790700000,-0.718573107,46.19319443
5794.4375,5794437500,-0.71025318,46.19047884
5798.175,5798175000,-0.701787234,46.18761361
5801.9125,5801912500,-0.693174265,46.18459776
5805.65,5805650000,-0.684413272,46.18143028
5809.3875,5809387500,-0.675503252,46.17811017
5813.125,5813125000,-0.666443202,46.17463644
5816.8625,5816862500,-0.657232121,46.17100808
5820.6,5820600000,-0.647869005,46.1672241
5824.3375,5824337500,-0.638352853,46.16328351
5828.075,5828075000,-0.628682662,46.1591853
5831.8125,5831812500,-0.618857429,46.15492848
5835.55,5835550000,-0.608876153,46.15051204
5839.2875,5839287500,-0.59873783,46.145935
5843.025,5843025000,-0.588441458,46.14119635
5846.7625,5846762500,-0.577986036,46.13629509
5850.5,5850500000,-0.56737056,46.13123023
5854.2375,5854237500,-0.556594028,46.12600077
5857.975,5857975000,-0.545655437,46.12060572
5861.7125,5861712500,-0.534553786,46.11504406
5865.45,5865450000,-0.523288072,46.10931481
5869.1875,5869187500,-0.511857292,46.10341697
5872.925,5872925000,-0.500260445,46.09734954
5876.6625,5876662500,-0.488496527,46.09111152
5880.4,5880400000,-0.476564536,46.08470191
5884.1375,5884137500,-0.46446347,46.07811972
5887.875,5887875000,-0.452192327,46.07136395
5891.6125,5891612500,-0.439750103,46.0644336
5895.35,5895350000,-0.427135797,46.05732767
5899.0875,5899087500,-0.414348407,46.05004517
5902.825,5902825000,-0.401386929,46.04258509
5906.5625,5906562500,-0.388250361,46.03494644
5910.3,5910300000,-0.374937702,46.02712822
5914.0375,5914037500,-0.361447948,46.01912943
5917.775,5917775000,-0.347780097,46.01094907
5921.5125,5921512500,-0.333933147,46.00258615
5925.25,5925250000,-0.319906095,45.99403967
5928.9875,5928987500,-0.305697939,45.98530863
5932.725,5932725000,-0.291307677,45.97639204
5936.4625,5936462500,-0.276734306,45.96728888
5940.2,5940200000,-0.261976823,45.95799817
5943.9375,5943937500,-0.247034227,45.94851891
5947.675,5947675000,-0.231905514,45.9388501
5951.4125,5951412500,-0.216589684,45.92899074
5955.15,5955150000,-0.201085732,45.91893983
5958.8875,5958887500,-0.185392657,45.90869638
5962.625,5962625000,-0.169509456,45.89825939
5966.3625,5966362500,-0.153435127,45.88762785
5970.1,5970100000,-0.137168667,45.87680078
5973.8375,5973837500,-0.120709074,45.86577717
5977.575,5977575000,-0.104055346,45.85455602
5981.3125,5981312500,-0.08720648,45.84313634
5985.05,5985050000,-0.070161474,45.83151713
5988.7875,5988787500,-0.052919326,45.81969739
5992.525,5992525000,-0.035479032,45.80767612
5996.2625,5996262500,-0.017839591,45.79545233
6000,6000000000,0,45.78302501
